5;B00021080;0
5;B00021100;2
5;B00027010;0
5;B00027080;0
5;B00027083;0
5;B00027084;0
5;B00027085;1
5;B00027086;0
5;B00096070;1
5;B00096071;0
5;B00096072;0
5;B00096073;1
5;B00096074;0
5;B00096080;0
5;B00096081;0
5;B00096082;0
5;B00096083;0
5;B00096084;0
5;B00096088;0
5;B00096089;0
5;B00137084;1
5;B00137085;0
5;B00137300;0
5;B00212300;0
5;B00213086;0
5;B00213088;0
5;B00213300;0
5;B00283080;0
5;B00283085;0
5;B00283087;0
5;B00283088;0
5;B00289062;0
5;B00289080;0
5;B00289081;1
5;B00289082;1
5;B00289083;0
5;B00289084;0
5;B00289085;0
5;B00289086;0
5;B00289087;0
5;B00289088;0
5;B00289089;1
5;B00289090;0
5;B00289096;0
5;B00289097;0
5;B00290080;1
5;B00290084;1
5;B00290085;1
5;B00290086;0
5;B00290087;0
5;B00290088;0
5;B00296080;4
5;B00296084;0
5;B00296090;0
5;B00296091;0
5;B00296092;0
5;B00297080;4
5;B00297084;4
5;B00308084;0
5;B00308086;0
5;B00308088;0
5;B00308090;0
5;B00333060;0
5;B00380070;0
5;B00423080;0
5;B00423086;0
5;B00423088;1
5;B00423300;1
5;B00423305;1
5;B00426012;0
5;B00459080;4
5;B00459081;8
5;B00459085;4
5;B00459088;0
5;B00519060;0
5;B00539060;0
5;B00539080;1
5;B00539081;0
5;B00603060;0
5;B00603090;0
5;B00616060;0
5;B00616061;0
5;B00616062;0
5;B00616063;0
5;B00616064;1
5;B00616088;0
5;B00616090;0
5;B00629040;0
5;B00629080;0
5;B00629082;0
5;B00629090;0
5;B00629091;0
5;B00629095;1
5;B00643080;1
5;B00643082;0
5;B00643084;0
5;B00643086;1
5;B00643087;0
5;B00643090;0
5;B00643096;0
5;B00643097;0
5;B00649001;0
5;B00659060;0
5;B00666300;0
5;B00722012;0
5;B00722070;0
5;B00722080;0
5;B00722083;0
5;B00722084;1
5;B00722086;0
5;B00722088;0
5;B00722089;0
5;B00722090;0
5;B00724060;2
5;B00724061;0
5;B00724065;0
5;B00724084;0
5;B00724088;0
5;B00724300;1
5;B00724301;0
5;B00725064;0
5;B00725082;1
5;B00725084;0
5;B00725086;1
5;B00725087;1
5;B00725088;1
5;B00725089;0
5;B00725300;-1
5;B00726300;1
5;B00726305;0
5;B00728084;1
5;B00728085;0
5;B00728088;0
5;B00736011;0
5;B00736084;1
5;B00736086;0
5;B00736088;0
5;B00775083;0
5;B00775084;0
5;B00775085;0
5;B00775086;1
5;B00775087;0
5;B00780065;0
5;B00780080;1
5;B00780081;0
5;B00780082;0
5;B00799065;0
5;B00799066;1
5;B00799069;0
5;B00859080;0
5;B00859082;-1
5;B00859084;0
5;B00859085;0
5;B00859086;0
5;B00859087;0
5;B00859088;0
5;B00859090;0
5;B00859096;0
5;B00886062;0
5;B00886064;1
5;B00886085;0
5;B00886086;0
5;B00886087;0
5;B00886088;0
5;B00887080;0
5;B00887084;1
5;B00887085;0
5;B00887088;1
5;B00887089;1
5;B00887090;0
5;B01050082;0
5;B01050083;0
5;B01050084;0
5;B01050085;1
5;B01050086;0
5;B01050096;0
5;B01062087;0
5;B01069018;0
5;B01069020;1
5;B01069080;0
5;B01069088;1
5;B01069089;1
5;B01069090;0
5;B01069091;0
5;B01069100;0
5;B01069304;0
5;B01069305;0
5;B01119070;0
5;B01119072;0
5;B01119080;0
5;B01119084;1
5;B01119086;0
5;B01119088;0
5;B01119089;0
5;B01123005;0
5;B01123020;0
5;B01125080;0
5;B01125081;0
5;B01150086;0
5;B01150088;1
5;B01150300;0
5;B01150302;1
5;B01150303;0
5;B01152084;0
5;B01153012;0
5;B01153086;0
5;B01200060;0
5;B01200061;0
5;B01200080;2
5;B01200085;0
5;B01245064;1
5;B01245068;1
5;B01246060;0
5;B01246062;0
5;B01246063;0
5;B01246070;0
5;B01246305;0
5;B01246310;1
5;B01247080;0
5;B01300025;0
5;B01300026;0
5;B01429084;1
5;B01429085;0
5;B01429086;0
5;B01429088;0
5;B01429090;0
5;B01430088;0
5;B01450080;1
5;B01453088;0
5;B01652004;0
5;B01652084;0
5;B01652088;0
5;B01745060;0
5;B01800084;0
5;B01800086;1
5;B01800088;0
5;B02030300;0
5;B02030302;0
5;B02030551;0
5;B02051300;0
5;B02086060;0
5;B02086065;0
5;B02086070;0
5;B02086086;0
5;B02100062;0
5;B02170084;2
5;B02170085;0
5;B02170086;0
5;B02170087;0
5;B02188065;0
5;B02188068;0
5;B02188081;-1
5;B02188085;1
5;B02275080;0
5;B02275086;0
5;B02367084;0
5;B02367088;0
5;B02367095;1
5;B02367098;1
5;B02372080;0
5;B02382010;0
5;B02382088;0
5;B02382095;1
5;B02382099;0
5;B02383005;0
5;B02383007;0
5;B02383060;1
5;B02383080;0
5;B02383085;0
5;B02446064;0
5;B02446068;0
5;B02446080;1
5;B02446086;0
5;B02447061;0
5;B02447080;0
5;B02450080;0
5;B02450083;0
5;B02450084;0
5;B02450085;0
5;B02450086;0
5;B02450087;7
5;B02450088;1
5;B02450089;1
5;B02450090;0
5;B02450092;1
5;B02450095;0
5;B02450300;2
5;B02450301;0
5;B02450304;0
5;B02450305;0
5;B02485060;0
5;B02485085;0
5;B02500065;0
5;B02500080;0
5;B02510085;0
5;B02895068;0
5;B03107084;0
5;B03107086;1
5;B03107090;0
5;B03270080;0
5;B03270082;0
5;B03270084;1
5;B03270085;1
5;B03270087;0
5;B03270088;0
5;B03270089;0
5;B03270090;0
5;B03270091;1
5;B03270092;0
5;B03270093;1
5;B03270094;1
5;B03430060;0
5;B03500062;0
5;B03500065;1
5;B03500068;1
5;B03500079;0
5;B03500080;0
5;B03500082;0
5;B03500084;0
5;B03500085;1
5;B03500086;0
5;B03500087;0
5;B03500088;0
5;B03500089;1
5;B03500090;0
5;B03500091;0
5;B03500092;0
5;B03500093;1
5;B03500094;0
5;B03500095;1
5;B03500097;0
5;B03500098;0
5;B03500099;1
5;B03500102;0
5;B03500302;0
5;B03500304;1
5;B03500305;1
5;B03500306;0
5;B03500307;0
5;B03500350;0
5;B03611084;0
5;B03611085;0
5;B03611086;0
5;B03611088;0
5;B03611089;0
5;B03611090;0
5;B03660080;0
5;B03701085;0
5;B03740005;0
5;B03740006;1
5;B03740070;0
5;B03838085;1
5;B03838086;0
5;B03900070;0
5;B03900071;0
5;B03900072;0
5;B03900075;1
5;B03900076;0
5;B03900077;1
5;B03900085;0
5;B03900086;0
5;B03900087;0
5;B03900088;1
5;B03900089;0
5;B03900090;1
5;B03900095;0
5;B04003060;0
5;B04003090;0
5;B04006085;0
5;B04081085;1
5;B04081086;0
5;B04318080;0
5;B04318085;0
5;B04318090;0
5;B04354065;0
5;B04354081;0
5;B04646084;0
5;B04646085;0
5;B04649014;0
5;B04649070;0
5;B04650014;0
5;B04650068;0
5;B04650080;0
5;B04650088;0
5;B04665080;0
5;B04665081;0
5;B04665082;0
5;B04665085;0
5;B04665086;0
5;B04680017;0
5;B04680018;0
5;B04680062;0
5;B04680063;0
5;B04680066;0
5;B04680067;0
5;B04680068;0
5;B04779065;0
5;B04779066;0
5;B04779084;0
5;B04779085;0
5;B04779086;0
5;B04779087;0
5;B04779088;0
5;B04779090;0
5;B04779092;0
5;B04779093;0
5;B04779094;0
5;B05016061;0
5;B05017004;2
5;B05017007;0
5;B05017040;0
5;B05017065;0
5;B05017068;2
5;B05017069;0
5;B05017070;0
5;B05017071;0
5;B05017088;0
5;B05018060;0
5;B05018061;0
5;B05018065;0
5;B05432064;0
5;B05469090;0
5;B05469091;0
5;B05548005;2
5;B05548088;0
5;B05548090;4
5;B05548095;0
5;B05808065;0
5;B05808075;0
5;B05808086;0
5;B05808087;1
5;B05809010;0
5;B05809080;0
5;B05809085;0
5;B05809088;0
5;B05809095;0
5;B05822080;1
5;B05822082;0
5;B05822085;0
5;B05822086;0
5;B05822087;0
5;B05822088;0
5;B05855084;0
5;B05855085;1
5;B05855086;1
5;B05855087;0
5;B05855091;0
5;B06160020;7
5;B06160060;2
5;B06160061;0
5;B06160080;2
5;B06160084;1
5;B06160086;1
5;B06160088;0
5;B06160100;2
5;B06164041;0
5;B06164042;0
5;B06164064;0
5;B06164081;2
5;B06164082;2
5;B06164083;0
5;B06164084;4
5;B06164085;1
5;B06164086;2
5;B06164100;0
5;B06164102;0
5;B06168081;1
5;B06168082;0
5;B06168091;0
5;B06168101;0
5;B06168102;0
5;B06170019;0
5;B06170020;0
5;B06170065;0
5;B06170066;1
5;B06170080;0
5;B06170084;0
5;B06170085;0
5;B06170086;0
5;B06170096;0
5;B06170100;0
5;B06170102;0
5;B06174041;0
5;B06174042;0
5;B06174045;0
5;B06174046;2
5;B06174064;0
5;B06174065;2
5;B06174085;0
5;B06174086;0
5;B06174089;0
5;B06174090;0
5;B06174091;0
5;B06174096;0
5;B06174098;0
5;B06174099;0
5;B06174100;0
5;B06174102;0
5;B06174700;0
5;B06231084;1
5;B06231085;0
5;B06231088;0
5;B06232090;0
5;B06233084;0
5;B06233085;0
5;B06233089;0
5;B06233090;0
5;B06233091;0
5;B06233093;0
5;B06233094;0
5;B06233096;1
5;B06233097;0
5;B06233098;2
5;B06233099;0
5;B06233104;2
5;B06233105;2
5;B06233106;0
5;B06233114;2
5;B06233115;2
5;B06233116;0
5;B06233117;0
5;B06233700;0
5;B06233701;0
5;B06233703;0
5;B06234065;0
5;B06259042;0
5;B06259080;2
5;B06310080;0
5;B06310081;0
5;B06310082;0
5;B06310095;-1
5;B06310100;0
5;B06310110;0
5;B06311084;0
5;B06311086;0
5;B06313062;0
5;B06326085;0
5;B06840080;0
5;B06840084;0
5;B06840088;0
5;B06859065;0
5;B06859080;1
5;B06859085;0
5;B06895065;0
5;B06895084;0
5;B06895085;1
5;B06895086;1
5;B06895088;0
5;B06895090;0
5;B06895092;0
5;B07242060;2
5;B07242062;0
5;B07242064;5
5;B07242066;0
5;B07242085;0
5;B07242086;0
5;B07242087;0
5;B07242088;0
5;B07242100;0
5;B07244080;0
5;B07244085;2
5;B07244086;2
5;B07244088;0
5;B07524080;0
5;B07524084;0
5;B07524085;0
5;B08000085;0
5;B08075085;0
5;B08500083;0
5;B08500084;0
5;B09105085;0
5;B09155083;0
5;B09155084;0
5;B09155086;0
5;B09155091;0
5;B09155092;0
5;B10800080;0
5;B10800084;0
5;B10800085;0
5;B10800086;0
5;B10800090;0
5;B10800310;0
5;B10810085;0
5;B10810086;0
5;B10850085;0
5;B10850086;0
5;B12350080;0
5;B13300081;1
5;B13301062;0
5;B13301065;0
5;B13301081;0
5;B13301082;0
5;B13301083;0
5;B13301084;0
5;B13301085;0
5;B13301309;0
5;B13301310;0
5;B13303309;1
5;B13303310;0
5;B13350080;0
5;B13350081;0
5;B13350085;1
5;B13350086;1
5;B13350087;0
5;B13350088;0
5;B13350095;0
5;B13350309;0
5;B13350310;0
5;B13400061;0
5;B13400062;0
5;B13400064;0
5;B13400081;0
5;B13400082;0
5;B13400085;0
5;B13400086;0
5;B13401085;0
5;B13425060;1
5;B13425081;0
5;B13425082;0
5;B16068081;0
5;B16068082;0
5;B16068084;0
5;B16068085;0
5;B16068086;1
5;B16068087;1
5;B16068089;0
5;B16068090;0
5;B16068091;0
5;B16068092;1
5;B16265080;0
5;B16265081;0
5;B16275085;1
5;B16280080;1
5;B17204085;0
5;N00020170;0
5;N00020201;0
5;N00020202;0
5;N00020204;0
5;N00020469;0
5;N00020470;0
5;N00020473;0
5;N00020474;0
5;N00020475;0
5;N00020480;0
5;N00020511;0
5;N00020512;0
5;N00020600;0
5;N00020674;0
5;N00021170;0
5;N00021450;0
5;N00021500;0
5;N00023320;0
5;N00023350;0
5;N00024320;0
5;N00024325;0
5;N00025270;0
5;N00025320;2
5;N00025322;2
5;N00025325;0
5;N00025351;3
5;N00025352;2
5;N00027070;0
5;N00027171;0
5;N00027172;0
5;N00027200;0
5;N00027202;0
5;N00027204;0
5;N00027206;0
5;N00027225;0
5;N00027230;0
5;N00027235;0
5;N00027270;0
5;N00027275;0
5;N00027320;1
5;N00027325;0
5;N00027326;0
5;N00027327;0
5;N00027330;0
5;N00027331;0
5;N00027335;1
5;N00027350;2
5;N00027351;0
5;N00027352;1
5;N00027380;0
5;N00027390;0
5;N00027400;1
5;N00027410;0
5;N00027420;0
5;N00027452;0
5;N00028320;0
5;N00096010;0
5;N00096012;0
5;N00096014;0
5;N00096016;0
5;N00096018;0
5;N00096070;0
5;N00096072;0
5;N00096074;0
5;N00096076;0
5;N00096078;1
5;N00096120;0
5;N00096122;0
5;N00096124;0
5;N00096128;1
5;N00096220;1
5;N00096222;1
5;N00096224;1
5;N00096226;0
5;N00096228;1
5;N00096230;0
5;N00096285;0
5;N00096320;0
5;N00096330;1
5;N00096331;0
5;N00096332;0
5;N00096353;0
5;N00096370;0
5;N00096372;0
5;N00096374;1
5;N00096376;0
5;N00096378;0
5;N00096401;0
5;N00096421;0
5;N00096425;0
5;N00096430;0
5;N00096432;1
5;N00096436;0
5;N00096440;0
5;N00096442;0
5;N00096460;0
5;N00096480;1
5;N00096490;0
5;N00096600;0
5;N00097320;1
5;N00097330;0
5;N00097370;0
5;N00097372;0
5;N00097374;0
5;N00097425;0
5;N00137070;0
5;N00137120;0
5;N00137190;0
5;N00137220;1
5;N00137221;-1
5;N00137320;1
5;N00137321;0
5;N00137350;0
5;N00137400;0
5;N00137455;0
5;N00212120;0
5;N00213070;0
5;N00213130;0
5;N00213190;0
5;N00213220;1
5;N00213221;0
5;N00213225;1
5;N00213230;1
5;N00213320;0
5;N00213321;0
5;N00213370;0
5;N00213400;2
5;N00213450;0
5;N00215420;0
5;N00283060;0
5;N00283065;0
5;N00283070;0
5;N00283075;0
5;N00283120;0
5;N00283160;8
5;N00283222;4
5;N00283223;4
5;N00283225;0
5;N00283320;8
5;N00283321;0
5;N00283351;0
5;N00283352;0
5;N00283360;8
5;N00283365;8
5;N00283370;0
5;N00283375;0
5;N00283430;4
5;N00283435;4
5;N00283460;0
5;N00289035;0
5;N00289070;1
5;N00289080;-1
5;N00289100;0
5;N00289120;0
5;N00289121;0
5;N00289130;0
5;N00289140;0
5;N00289170;0
5;N00289200;0
5;N00289230;0
5;N00289232;0
5;N00289235;2
5;N00289270;1
5;N00289285;0
5;N00289300;0
5;N00289330;0
5;N00289340;0
5;N00289342;0
5;N00289345;1
5;N00289346;1
5;N00289350;1
5;N00289351;0
5;N00289352;0
5;N00289370;1
5;N00289371;0
5;N00289380;0
5;N00289420;0
5;N00289425;0
5;N00289430;0
5;N00289435;0
5;N00289440;0
5;N00289450;0
5;N00289451;1
5;N00289460;0
5;N00289462;0
5;N00289470;0
5;N00289475;0
5;N00289480;0
5;N00289490;0
5;N00289491;0
5;N00289510;0
5;N00289530;0
5;N00289533;1
5;N00289550;0
5;N00289551;0
5;N00290030;0
5;N00290070;0
5;N00290120;0
5;N00290121;1
5;N00290130;1
5;N00290135;0
5;N00290180;0
5;N00290190;0
5;N00290200;0
5;N00290220;0
5;N00290225;1
5;N00290227;0
5;N00290280;0
5;N00290318;0
5;N00290320;1
5;N00290321;3
5;N00290330;0
5;N00290334;2
5;N00290335;2
5;N00290350;2
5;N00290370;0
5;N00290375;1
5;N00290380;0
5;N00290381;0
5;N00290399;0
5;N00290400;0
5;N00290401;1
5;N00290405;1
5;N00290406;0
5;N00290408;0
5;N00290430;0
5;N00290433;0
5;N00290450;0
5;N00290451;1
5;N00290452;1
5;N00290453;0
5;N00290454;0
5;N00290455;0
5;N00290460;0
5;N00290465;0
5;N00290470;0
5;N00290472;0
5;N00290475;0
5;N00290517;0
5;N00290520;0
5;N00290550;0
5;N00296020;0
5;N00296070;0
5;N00296120;0
5;N00296190;0
5;N00296220;0
5;N00296222;4
5;N00296270;0
5;N00296271;0
5;N00296272;0
5;N00296320;12
5;N00296321;0
5;N00296350;0
5;N00296370;4
5;N00296375;0
5;N00296390;0
5;N00296402;8
5;N00296405;4
5;N00296420;0
5;N00296450;0
5;N00296455;8
5;N00296460;0
5;N00296465;0
5;N00297010;0
5;N00297020;0
5;N00297070;0
5;N00297120;0
5;N00297121;0
5;N00297135;0
5;N00297160;0
5;N00297190;0
5;N00297220;0
5;N00297221;0
5;N00297222;4
5;N00297271;8
5;N00297320;0
5;N00297321;0
5;N00297322;0
5;N00297350;8
5;N00297370;0
5;N00297375;0
5;N00297380;0
5;N00297400;0
5;N00297402;2
5;N00297405;4
5;N00297420;0
5;N00297450;8
5;N00297455;8
5;N00297460;0
5;N00297470;0
5;N00303375;0
5;N00308070;8
5;N00308120;0
5;N00308171;0
5;N00308190;24
5;N00308220;16
5;N00308320;32
5;N00308321;0
5;N00308325;0
5;N00308370;0
5;N00308450;0
5;N00308455;0
5;N00308460;0
5;N00308470;0
5;N00308475;0
5;N00308480;0
5;N00333005;0
5;N00333220;0
5;N00333375;0
5;N00333404;0
5;N00333406;0
5;N00333420;0
5;N00333421;0
5;N00333422;3
5;N00333423;4
5;N00333424;0
5;N00353220;0
5;N00353370;0
5;N00353420;0
5;N00380220;0
5;N00380450;0
5;N00380452;1
5;N00380455;0
5;N00380457;0
5;N00380460;0
5;N00385220;0
5;N00385350;0
5;N00385450;1
5;N00385551;0
5;N00412400;0
5;N00413220;2
5;N00413320;4
5;N00413321;0
5;N00423070;0
5;N00423120;1
5;N00423170;0
5;N00423220;1
5;N00423290;1
5;N00423320;1
5;N00423322;1
5;N00423370;1
5;N00423440;0
5;N00423445;2
5;N00423448;1
5;N00423450;0
5;N00423455;0
5;N00423531;0
5;N00443380;0
5;N00459170;0
5;N00459420;0
5;N00517220;0
5;N00518220;0
5;N00519220;0
5;N00519321;0
5;N00519420;1
5;N00539072;0
5;N00539074;1
5;N00539320;0
5;N00539370;0
5;N00539372;1
5;N00539373;0
5;N00539374;0
5;N00539420;0
5;N00553020;0
5;N00553030;0
5;N00553070;0
5;N00553120;0
5;N00553160;0
5;N00553220;2
5;N00553370;1
5;N00553380;0
5;N00553390;0
5;N00603320;0
5;N00603420;2
5;N00603450;1
5;N00616070;0
5;N00616072;0
5;N00616074;0
5;N00616078;0
5;N00616100;0
5;N00616120;0
5;N00616122;0
5;N00616124;0
5;N00616126;0
5;N00616220;1
5;N00616222;0
5;N00616224;0
5;N00616226;1
5;N00616228;1
5;N00616230;0
5;N00616285;0
5;N00616320;0
5;N00616350;0
5;N00616353;0
5;N00616370;0
5;N00616372;0
5;N00616374;0
5;N00616376;1
5;N00616378;0
5;N00616390;0
5;N00616392;0
5;N00616394;0
5;N00616396;0
5;N00616398;0
5;N00616400;0
5;N00616401;0
5;N00616404;0
5;N00616422;0
5;N00616425;0
5;N00616430;0
5;N00616432;1
5;N00616450;1
5;N00616458;0
5;N00616460;0
5;N00616470;1
5;N00616480;1
5;N00616490;0
5;N00629070;0
5;N00629072;0
5;N00629076;1
5;N00629120;0
5;N00629122;0
5;N00629126;0
5;N00629160;0
5;N00629162;0
5;N00629220;0
5;N00629222;0
5;N00629224;0
5;N00629226;0
5;N00629270;0
5;N00629274;0
5;N00629276;0
5;N00629278;0
5;N00629325;0
5;N00629340;0
5;N00629342;0
5;N00629345;0
5;N00629353;0
5;N00629370;0
5;N00629372;0
5;N00629376;0
5;N00629390;0
5;N00629392;0
5;N00629394;0
5;N00629396;0
5;N00629410;1
5;N00629414;1
5;N00629420;0
5;N00629424;0
5;N00629425;0
5;N00629452;0
5;N00629460;0
5;N00629462;0
5;N00643020;0
5;N00643021;0
5;N00643024;0
5;N00643025;0
5;N00643071;0
5;N00643075;0
5;N00643077;0
5;N00643079;0
5;N00643080;0
5;N00643082;0
5;N00643083;0
5;N00643085;0
5;N00643100;0
5;N00643121;1
5;N00643123;0
5;N00643125;0
5;N00643127;0
5;N00643129;0
5;N00643160;0
5;N00643162;0
5;N00643166;0
5;N00643170;1
5;N00643171;0
5;N00643220;0
5;N00643221;0
5;N00643223;0
5;N00643224;1
5;N00643225;2
5;N00643227;0
5;N00643229;1
5;N00643230;0
5;N00643315;0
5;N00643316;0
5;N00643320;0
5;N00643321;1
5;N00643323;0
5;N00643340;0
5;N00643341;0
5;N00643343;1
5;N00643350;0
5;N00643353;0
5;N00643373;0
5;N00643375;1
5;N00643382;0
5;N00643384;0
5;N00643386;0
5;N00643388;0
5;N00643391;0
5;N00643393;0
5;N00643395;1
5;N00643397;0
5;N00643399;0
5;N00643401;0
5;N00643416;0
5;N00643417;0
5;N00643420;0
5;N00643421;0
5;N00643430;1
5;N00643432;1
5;N00643440;0
5;N00643450;1
5;N00643452;0
5;N00643462;0
5;N00643480;0
5;N00643500;0
5;N00643511;0
5;N00645420;0
5;N00645430;0
5;N00647320;1
5;N00659281;0
5;N00659320;0
5;N00659451;0
5;N00666070;0
5;N00666220;0
5;N00666370;0
5;N00666380;0
5;N00666385;0
5;N00666421;0
5;N00666450;0
5;N00666550;0
5;N00722325;1
5;N00722328;2
5;N00722330;0
5;N00722350;0
5;N00722351;1
5;N00722352;1
5;N00722353;0
5;N00722420;0
5;N00722421;0
5;N00722430;0
5;N00722455;0
5;N00722460;0
5;N00722470;1
5;N00722490;1
5;N00722530;0
5;N00722540;0
5;N00722600;0
5;N00723260;0
5;N00723270;0
5;N00723280;1
5;N00723281;0
5;N00723287;1
5;N00723320;1
5;N00723325;0
5;N00723330;0
5;N00723421;0
5;N00723430;0
5;N00723431;0
5;N00723460;0
5;N00724070;0
5;N00724110;0
5;N00724120;1
5;N00724170;0
5;N00724220;4
5;N00724230;0
5;N00724370;0
5;N00724371;0
5;N00724380;0
5;N00724381;0
5;N00724390;0
5;N00724395;0
5;N00724400;0
5;N00724401;1
5;N00724441;0
5;N00724450;0
5;N00724451;0
5;N00724452;0
5;N00724455;0
5;N00724490;0
5;N00725070;0
5;N00725120;1
5;N00725121;0
5;N00725195;0
5;N00725220;0
5;N00725222;-1
5;N00725300;0
5;N00725301;1
5;N00725320;0
5;N00725321;0
5;N00725360;0
5;N00725361;0
5;N00725425;0
5;N00725448;0
5;N00725449;0
5;N00725450;0
5;N00725451;0
5;N00725452;0
5;N00725455;1
5;N00725459;0
5;N00726120;-1
5;N00726125;1
5;N00726320;0
5;N00726321;0
5;N00726325;0
5;N00726326;0
5;N00726400;0
5;N00726450;0
5;N00726451;0
5;N00726460;0
5;N00726461;0
5;N00726462;0
5;N00726463;0
5;N00726466;0
5;N00727320;0
5;N00727321;0
5;N00727325;0
5;N00728070;0
5;N00728120;0
5;N00728222;1
5;N00728320;0
5;N00728321;0
5;N00728370;0
5;N00728400;0
5;N00728410;0
5;N00728450;0
5;N00728460;0
5;N00729320;0
5;N00730120;0
5;N00730170;0
5;N00730285;0
5;N00730300;1
5;N00730310;2
5;N00730322;0
5;N00730350;1
5;N00730351;0
5;N00730370;1
5;N00730371;1
5;N00730410;1
5;N00730411;0
5;N00730415;0
5;N00730420;0
5;N00730455;1
5;N00730460;0
5;N00730462;0
5;N00730470;0
5;N00730551;0
5;N00736070;0
5;N00736120;0
5;N00736220;0
5;N00736320;0
5;N00736321;0
5;N00736322;1
5;N00736370;0
5;N00736400;0
5;N00736450;0
5;N00736460;0
5;N00736686;0
5;N00736690;0
5;N00775080;0
5;N00775090;0
5;N00775350;2
5;N00775400;0
5;N00775450;1
5;N00775451;0
5;N00775452;0
5;N00775455;1
5;N00776070;0
5;N00780070;1
5;N00780370;0
5;N00780380;0
5;N00780400;0
5;N00780450;0
5;N00781070;0
5;N00781370;0
5;N00795070;0
5;N00795320;0
5;N00795322;0
5;N00795325;0
5;N00795370;0
5;N00795451;1
5;N00798220;2
5;N00799176;0
5;N00799190;0
5;N00799195;0
5;N00799222;1
5;N00799223;0
5;N00799230;0
5;N00799231;0
5;N00799275;1
5;N00799276;0
5;N00799277;0
5;N00799295;0
5;N00799350;1
5;N00799351;1
5;N00799352;1
5;N00799400;0
5;N00799450;1
5;N00799452;1
5;N00799470;1
5;N00799500;0
5;N00799550;0
5;N00854230;1
5;N00854231;2
5;N00854280;1
5;N00854281;0
5;N00854330;4
5;N00854331;2
5;N00854332;0
5;N00859070;0
5;N00859071;0
5;N00859120;0
5;N00859170;0
5;N00859175;1
5;N00859195;0
5;N00859220;0
5;N00859275;0
5;N00859276;0
5;N00859320;0
5;N00859350;1
5;N00859390;1
5;N00859415;1
5;N00859420;0
5;N00859421;0
5;N00859450;1
5;N00859480;0
5;N00859510;1
5;N00859550;0
5;N00886020;0
5;N00886030;0
5;N00886070;1
5;N00886071;0
5;N00886170;0
5;N00886175;1
5;N00886190;0
5;N00886195;1
5;N00886290;1
5;N00886291;0
5;N00886350;1
5;N00886370;1
5;N00886380;0
5;N00886381;0
5;N00886420;0
5;N00886450;1
5;N00886480;0
5;N00886500;0
5;N00886510;1
5;N00886550;0
5;N00886560;0
5;N00887120;0
5;N00887320;0
5;N00887321;3
5;N00887323;0
5;N00887325;6
5;N00887351;1
5;N00887420;1
5;N00887450;1
5;N00887452;1
5;N00887457;0
5;N00887480;0
5;N00887550;0
5;N01063420;1
5;N01063421;0
5;N01063450;1
5;N01063451;0
5;N01063455;0
5;N01063480;0
5;N01063485;0
5;N01064220;0
5;N01064370;0
5;N01064400;0
5;N01064450;0
5;N01064455;0
5;N01064456;1
5;N01068200;0
5;N01068220;0
5;N01068320;2
5;N01068321;0
5;N01068335;0
5;N01069080;0
5;N01069090;0
5;N01069129;0
5;N01069130;0
5;N01069135;0
5;N01069170;0
5;N01069180;0
5;N01069181;0
5;N01069230;1
5;N01069231;1
5;N01069235;1
5;N01069236;1
5;N01069237;0
5;N01069284;0
5;N01069320;2
5;N01069340;1
5;N01069342;5
5;N01069350;1
5;N01069360;1
5;N01069380;1
5;N01069381;0
5;N01069420;0
5;N01069421;0
5;N01069425;1
5;N01069430;0
5;N01069431;0
5;N01069435;0
5;N01069440;0
5;N01069450;0
5;N01069451;0
5;N01069452;1
5;N01069460;0
5;N01069470;0
5;N01069480;0
5;N01069490;0
5;N01069500;1
5;N01069540;0
5;N01069542;-1
5;N01069550;0
5;N01118320;0
5;N01118370;0
5;N01119100;0
5;N01119220;1
5;N01119221;0
5;N01119270;0
5;N01119300;0
5;N01119310;0
5;N01119318;0
5;N01119320;1
5;N01119321;1
5;N01119322;0
5;N01119325;0
5;N01119330;0
5;N01119332;0
5;N01119420;0
5;N01119430;0
5;N01120320;0
5;N01120321;0
5;N01120322;0
5;N01120323;0
5;N01120324;0
5;N01125320;7
5;N01150100;0
5;N01150110;0
5;N01150270;2
5;N01150320;0
5;N01150321;0
5;N01153070;0
5;N01153120;0
5;N01153220;1
5;N01153310;0
5;N01153320;0
5;N01153322;0
5;N01153325;0
5;N01153380;0
5;N01153420;1
5;N01200070;0
5;N01200172;0
5;N01200175;0
5;N01200220;0
5;N01200270;1
5;N01200280;1
5;N01200290;0
5;N01200300;0
5;N01200302;0
5;N01200320;0
5;N01200321;1
5;N01200322;5
5;N01200323;0
5;N01200325;2
5;N01200326;0
5;N01200327;2
5;N01200350;0
5;N01200360;1
5;N01200370;0
5;N01200420;0
5;N01200421;2
5;N01200425;1
5;N01200427;0
5;N01200430;1
5;N01200435;0
5;N01200450;0
5;N01200452;0
5;N01200470;0
5;N01200530;0
5;N01200550;0
5;N01200555;0
5;N01245020;0
5;N01245220;0
5;N01245225;1
5;N01245226;0
5;N01245275;1
5;N01245320;0
5;N01245321;0
5;N01245322;0
5;N01245323;1
5;N01245325;1
5;N01246195;0
5;N01246210;0
5;N01246220;0
5;N01246320;0
5;N01246324;1
5;N01246419;0
5;N01246435;1
5;N01246441;0
5;N01246450;0
5;N01246500;0
5;N01246503;0
5;N01246530;1
5;N01247230;1
5;N01247320;0
5;N01247330;2
5;N01247420;0
5;N01429070;0
5;N01429120;0
5;N01429220;1
5;N01429320;2
5;N01429370;0
5;N01429400;0
5;N01429410;0
5;N01429420;0
5;N01453100;0
5;N01516220;0
5;N01516270;0
5;N01516380;0
5;N01651630;0
5;N01652080;0
5;N01652130;0
5;N01652135;0
5;N01652230;0
5;N01652231;1
5;N01652235;0
5;N01652320;0
5;N01652325;2
5;N01652380;0
5;N01652385;0
5;N01652450;0
5;N01653130;1
5;N01745120;0
5;N01745220;0
5;N01745380;0
5;N01751450;2
5;N01758220;1
5;N01758221;0
5;N01758320;0
5;N01758370;0
5;N01758375;0
5;N01758420;0
5;N01800100;0
5;N01800110;2
5;N01800120;0
5;N01800320;1
5;N01800450;0
5;N02030320;1
5;N02040330;0
5;N02040420;0
5;N02041070;0
5;N02041120;0
5;N02041220;0
5;N02041270;0
5;N02041275;0
5;N02041320;1
5;N02041325;0
5;N02041350;0
5;N02041370;0
5;N02041375;0
5;N02041380;0
5;N02041420;0
5;N02041423;0
5;N02041425;1
5;N02041450;0
5;N02041470;0
5;N02041481;0
5;N02051100;0
5;N02051320;0
5;N02051330;0
5;N02053320;0
5;N02086070;0
5;N02086120;0
5;N02086230;0
5;N02086240;0
5;N02086270;0
5;N02086325;0
5;N02086326;0
5;N02086327;1
5;N02086370;0
5;N02086380;0
5;N02086385;0
5;N02086390;0
5;N02086395;0
5;N02086430;0
5;N02086450;0
5;N02100070;0
5;N02100220;0
5;N02100320;0
5;N02100450;0
5;N02170320;0
5;N02170325;1
5;N02170330;2
5;N02170350;1
5;N02170355;0
5;N02188080;0
5;N02188220;0
5;N02188270;1
5;N02188280;1
5;N02188320;0
5;N02188325;0
5;N02188370;0
5;N02188375;0
5;N02188420;1
5;N02188425;0
5;N02188450;0
5;N02275070;0
5;N02275220;1
5;N02275320;0
5;N02275325;0
5;N02275330;0
5;N02275420;0
5;N02275450;0
5;N02285100;0
5;N02298320;0
5;N02310120;0
5;N02319005;0
5;N02320151;0
5;N02320152;0
5;N02320157;0
5;N02361020;0
5;N02361070;0
5;N02361220;0
5;N02361320;0
5;N02361321;0
5;N02361322;1
5;N02361325;0
5;N02361375;0
5;N02367070;0
5;N02367075;0
5;N02367120;0
5;N02367170;0
5;N02367220;1
5;N02367295;0
5;N02367300;0
5;N02367301;0
5;N02367320;1
5;N02368100;0
5;N02382100;2
5;N02382170;0
5;N02382270;1
5;N02382320;0
5;N02382321;0
5;N02382326;0
5;N02382327;0
5;N02382420;0
5;N02382422;0
5;N02383320;0
5;N02384090;0
5;N02384100;3
5;N02384105;7
5;N02385070;1
5;N02393100;10
5;N02393105;0
5;N02393110;0
5;N02393115;0
5;N02410100;0
5;N02410120;0
5;N02410220;0
5;N02410230;0
5;N02410370;0
5;N02410380;0
5;N02410421;0
5;N02446070;0
5;N02446220;0
5;N02446320;0
5;N02446321;0
5;N02446322;0
5;N02446350;0
5;N02446380;0
5;N02446450;0
5;N02446451;1
5;N02447100;1
5;N02447320;1
5;N02450070;0
5;N02450120;0
5;N02450170;0
5;N02450220;2
5;N02450225;0
5;N02450226;0
5;N02450320;0
5;N02450321;4
5;N02450322;1
5;N02450325;0
5;N02450327;0
5;N02450370;0
5;N02450390;0
5;N02450400;0
5;N02450420;1
5;N02450430;-1
5;N02450450;2
5;N02450480;0
5;N02500100;0
5;N02500110;0
5;N02500120;0
5;N02500220;1
5;N02500320;0
5;N02500322;0
5;N02500323;1
5;N02500325;0
5;N02500326;0
5;N02500327;0
5;N02500330;0
5;N02500332;0
5;N02510351;0
5;N02510400;0
5;N02510430;0
5;N02510435;0
5;N02510438;4
5;N02510440;0
5;N02510450;0
5;N02510452;0
5;N02510500;0
5;N02510531;0
5;N02510550;0
5;N02510560;0
5;N02510651;0
5;N02812280;0
5;N02812320;1
5;N02812420;1
5;N02812450;0
5;N02815220;0
5;N02815270;2
5;N02815320;0
5;N02895070;0
5;N02895220;0
5;N02895270;0
5;N02895272;1
5;N02895274;0
5;N02895280;0
5;N02895320;4
5;N02895321;0
5;N02895322;0
5;N02895323;1
5;N02895330;0
5;N02895380;0
5;N02895385;0
5;N02895387;0
5;N02895420;0
5;N02895450;0
5;N02895455;0
5;N03050080;0
5;N03050140;0
5;N03050230;0
5;N03050380;0
5;N03107070;0
5;N03107220;0
5;N03107270;0
5;N03107320;0
5;N03107370;1
5;N03107420;0
5;N03270030;0
5;N03270070;0
5;N03270080;0
5;N03270120;0
5;N03270220;2
5;N03270225;0
5;N03270230;2
5;N03270270;2
5;N03270280;0
5;N03270285;0
5;N03270320;2
5;N03270322;0
5;N03270325;1
5;N03270326;0
5;N03270350;2
5;N03270370;5
5;N03270380;0
5;N03270401;-1
5;N03270421;1
5;N03270430;0
5;N03270432;2
5;N03270435;0
5;N03270436;0
5;N03270471;0
5;N03270485;0
5;N03271320;0
5;N03308220;0
5;N03430080;0
5;N03430130;0
5;N03430140;0
5;N03430230;0
5;N03430280;0
5;N03430322;0
5;N03430330;0
5;N03430332;1
5;N03430360;1
5;N03430370;0
5;N03430380;1
5;N03430420;0
5;N03500281;0
5;N03500320;1
5;N03500324;0
5;N03500325;0
5;N03500326;1
5;N03500356;0
5;N03500450;0
5;N03500452;0
5;N03500457;0
5;N03500511;0
5;N03500550;0
5;N03600450;0
5;N03600455;1
5;N03601270;0
5;N03601420;0
5;N03603320;1
5;N03603321;0
5;N03611125;0
5;N03611320;3
5;N03611321;1
5;N03611322;0
5;N03611325;0
5;N03611326;1
5;N03611330;1
5;N03611380;0
5;N03611400;0
5;N03611420;0
5;N03660190;0
5;N03660321;0
5;N03660322;0
5;N03660324;0
5;N03660325;0
5;N03660326;0
5;N03660400;0
5;N03660401;0
5;N03661350;0
5;N03661455;0
5;N03661456;0
5;N03661510;-1
5;N03671220;0
5;N03671320;0
5;N03724030;0
5;N03724070;0
5;N03724120;0
5;N03724140;0
5;N03724180;0
5;N03724190;0
5;N03724220;0
5;N03724230;0
5;N03724270;0
5;N03724370;0
5;N03724430;0
5;N03725020;0
5;N03725070;0
5;N03725080;0
5;N03725120;0
5;N03725220;0
5;N03725230;1
5;N03725270;2
5;N03725320;1
5;N03725380;0
5;N03725390;1
5;N03725395;0
5;N03725396;0
5;N03726070;0
5;N03740075;2
5;N03740220;1
5;N03740240;9
5;N03740241;1
5;N03740270;3
5;N03740290;0
5;N03740300;0
5;N03740370;15
5;N03740371;0
5;N03740450;0
5;N03740452;0
5;N03740453;0
5;N03838070;0
5;N03838450;0
5;N03839070;0
5;N03839120;0
5;N03839220;0
5;N03839400;0
5;N03840020;0
5;N03840025;0
5;N03840075;0
5;N03840220;0
5;N03840223;0
5;N03840380;0
5;N03900001;0
5;N03900010;1
5;N03900015;0
5;N03900070;0
5;N03900080;0
5;N03900130;0
5;N03900190;0
5;N03900239;0
5;N03900240;0
5;N03900250;0
5;N03900252;0
5;N03900320;1
5;N03900321;1
5;N03900330;1
5;N03900331;0
5;N03900332;2
5;N03900350;0
5;N03900351;0
5;N03900380;1
5;N03900381;0
5;N03900400;0
5;N03900410;0
5;N03900420;1
5;N03900430;0
5;N03925380;0
5;N04003400;0
5;N04004220;0
5;N04004320;0
5;N04004328;0
5;N04035220;1
5;N04060220;0
5;N04060320;0
5;N04080320;0
5;N04081070;0
5;N04081120;0
5;N04081220;0
5;N04081320;0
5;N04081321;2
5;N04081325;0
5;N04081390;0
5;N04081400;0
5;N04081450;0
5;N04081551;0
5;N04318070;0
5;N04318120;0
5;N04318320;0
5;N04318370;2
5;N04337220;0
5;N04337320;0
5;N04337420;0
5;N04338320;0
5;N04342080;0
5;N04342120;0
5;N04342230;0
5;N04342270;0
5;N04342320;3
5;N04342380;0
5;N04342390;0
5;N04342400;0
5;N04342410;0
5;N04354070;0
5;N04354120;0
5;N04354140;0
5;N04354141;4
5;N04354220;0
5;N04354225;0
5;N04354226;0
5;N04354350;0
5;N04355072;0
5;N04355074;0
5;N04355075;0
5;N04355078;0
5;N04355224;0
5;N04355310;0
5;N04355320;1
5;N04355324;0
5;N04355325;0
5;N04355326;0
5;N04355350;0
5;N04355351;0
5;N04356320;0
5;N04383070;0
5;N04383220;0
5;N04383320;0
5;N04383322;2
5;N04383323;0
5;N04383325;0
5;N04383370;0
5;N04383390;0
5;N04384270;0
5;N04398320;0
5;N04400200;0
5;N04400230;1
5;N04645320;0
5;N04646070;0
5;N04646100;4
5;N04646160;0
5;N04646220;2
5;N04646225;0
5;N04646390;1
5;N04646450;2
5;N04649020;0
5;N04649025;0
5;N04649075;5
5;N04649078;0
5;N04649080;0
5;N04649225;0
5;N04649320;0
5;N04649370;0
5;N04649380;0
5;N04649630;0
5;N04650080;0
5;N04650120;0
5;N04650230;2
5;N04650320;1
5;N04650380;0
5;N04650385;0
5;N04650395;0
5;N04650400;0
5;N04650427;0
5;N04650451;0
5;N04651320;0
5;N04651321;2
5;N04651380;0
5;N04651420;0
5;N04665070;0
5;N04665120;0
5;N04665220;2
5;N04665280;2
5;N04665350;0
5;N04665380;0
5;N04665430;2
5;N04666220;0
5;N04666225;0
5;N04666270;0
5;N04666275;0
5;N04666280;1
5;N04666285;1
5;N04666380;0
5;N04666385;0
5;N04667030;0
5;N04667070;0
5;N04667120;0
5;N04667220;0
5;N04667370;1
5;N04669100;0
5;N04680015;0
5;N04680070;0
5;N04680130;0
5;N04680160;0
5;N04680165;0
5;N04680220;1
5;N04680270;0
5;N04680320;1
5;N04680325;1
5;N04680370;0
5;N04680375;0
5;N04680380;0
5;N04680385;1
5;N04680400;1
5;N04680405;1
5;N04680485;0
5;N04779080;0
5;N04779230;0
5;N04779235;1
5;N04779240;0
5;N04779270;0
5;N04779275;0
5;N04779280;0
5;N04779320;0
5;N04779325;0
5;N04779326;0
5;N04779330;0
5;N04779351;1
5;N04779352;1
5;N04779370;1
5;N04779375;0
5;N04779380;0
5;N04779382;1
5;N04779383;1
5;N04779385;0
5;N04779400;0
5;N04779410;1
5;N04779420;0
5;N04779421;0
5;N04779430;1
5;N04779435;1
5;N04779451;0
5;N04779452;0
5;N04779453;0
5;N05017070;0
5;N05017120;0
5;N05017125;0
5;N05017136;0
5;N05017160;0
5;N05017170;0
5;N05017180;0
5;N05017195;0
5;N05017220;0
5;N05017221;1
5;N05017280;1
5;N05017281;3
5;N05017285;1
5;N05017290;0
5;N05017291;0
5;N05017320;2
5;N05017321;12
5;N05017322;20
5;N05017323;3
5;N05017350;2
5;N05017351;5
5;N05017352;2
5;N05017380;1
5;N05017390;0
5;N05017392;2
5;N05017400;2
5;N05017401;0
5;N05017410;0
5;N05017420;2
5;N05017470;1
5;N05017473;1
5;N05017475;0
5;N05017510;0
5;N05017511;0
5;N05017512;0
5;N05017530;1
5;N05017531;1
5;N05017534;1
5;N05017535;0
5;N05017537;0
5;N05017550;1
5;N05017580;0
5;N05017581;0
5;N05017600;0
5;N05017610;1
5;N05017650;1
5;N05017651;0
5;N05017652;1
5;N05018120;0
5;N05018220;1
5;N05018230;0
5;N05018290;2
5;N05018291;5
5;N05018320;0
5;N05018322;1
5;N05018350;8
5;N05018370;0
5;N05018420;0
5;N05018430;0
5;N05018440;0
5;N05018651;0
5;N05020220;0
5;N05020320;4
5;N05020390;0
5;N05021380;0
5;N05043220;0
5;N05043320;0
5;N05432450;0
5;N05436380;0
5;N05436420;0
5;N05436421;0
5;N05436450;0
5;N05447370;1
5;N05447375;0
5;N05469020;0
5;N05469120;0
5;N05469400;0
5;N05484270;0
5;N05484370;1
5;N05484375;1
5;N05526320;0
5;N05529280;0
5;N05529370;0
5;N05529420;0
5;N05529430;0
5;N05529450;0
5;N05536320;0
5;N05536375;0
5;N05548070;0
5;N05548080;0
5;N05548130;0
5;N05548180;0
5;N05548182;0
5;N05548370;0
5;N05548420;2
5;N05548450;1
5;N05548455;0
5;N05808070;0
5;N05808120;0
5;N05808140;0
5;N05808160;0
5;N05808220;1
5;N05808275;0
5;N05808285;0
5;N05808320;0
5;N05808324;3
5;N05808325;2
5;N05808326;-2
5;N05808327;0
5;N05808350;2
5;N05808351;2
5;N05808370;0
5;N05808420;0
5;N05808422;0
5;N05808425;0
5;N05808430;1
5;N05808450;0
5;N05808451;0
5;N05809160;0
5;N05809225;0
5;N05809285;2
5;N05809286;0
5;N05809320;4
5;N05809321;0
5;N05809350;2
5;N05809370;0
5;N05809420;0
5;N05812075;1
5;N05812400;0
5;N05813100;0
5;N05813150;0
5;N05822070;0
5;N05822220;0
5;N05822270;0
5;N05822370;0
5;N05822375;0
5;N05822400;0
5;N05822410;0
5;N05822420;0
5;N05822422;0
5;N05855030;0
5;N05855120;0
5;N05855170;1
5;N05855175;0
5;N05855225;2
5;N05855270;2
5;N05855320;2
5;N05855322;0
5;N05855350;0
5;N05855360;1
5;N05855370;0
5;N05855400;0
5;N05855420;0
5;N05855531;0
5;N06160380;0
5;N06160381;0
5;N06160430;1
5;N06164380;3
5;N06164381;0
5;N06164430;2
5;N06164440;0
5;N06168425;1
5;N06168426;1
5;N06168455;-1
5;N06168456;0
5;N06168457;3
5;N06170080;0
5;N06170136;0
5;N06170230;0
5;N06170240;0
5;N06170270;0
5;N06170271;0
5;N06170272;2
5;N06170280;0
5;N06170350;0
5;N06170355;0
5;N06170356;0
5;N06170380;0
5;N06170450;0
5;N06170550;1
5;N06171070;0
5;N06171080;0
5;N06171120;0
5;N06171130;0
5;N06171145;0
5;N06171146;0
5;N06171161;0
5;N06171162;0
5;N06171173;0
5;N06171174;0
5;N06171182;0
5;N06171220;0
5;N06171230;1
5;N06171270;1
5;N06171280;2
5;N06171288;0
5;N06171290;0
5;N06171300;6
5;N06171301;1
5;N06171302;1
5;N06171320;7
5;N06171351;1
5;N06171352;2
5;N06171353;1
5;N06171354;1
5;N06171370;0
5;N06171380;0
5;N06171419;1
5;N06171420;0
5;N06171451;-1
5;N06171452;-1
5;N06171455;0
5;N06171456;2
5;N06171513;0
5;N06171514;0
5;N06172350;0
5;N06172352;0
5;N06174025;0
5;N06174071;0
5;N06174080;0
5;N06174125;0
5;N06174130;0
5;N06174140;0
5;N06174150;0
5;N06174190;0
5;N06174192;0
5;N06174220;1
5;N06174221;1
5;N06174270;0
5;N06174271;2
5;N06174320;2
5;N06174321;2
5;N06174323;0
5;N06174325;0
5;N06174350;0
5;N06174351;2
5;N06174379;0
5;N06174380;0
5;N06174381;0
5;N06174382;0
5;N06174420;2
5;N06174421;-1
5;N06174425;0
5;N06174430;1
5;N06174435;0
5;N06174440;0
5;N06174450;0
5;N06174452;0
5;N06175270;2
5;N06175275;0
5;N06175320;1
5;N06190220;0
5;N06190270;0
5;N06230390;0
5;N06231080;0
5;N06231120;0
5;N06231380;0
5;N06231400;2
5;N06231425;0
5;N06231426;-1
5;N06231430;2
5;N06231440;1
5;N06231450;0
5;N06232130;0
5;N06232170;0
5;N06232172;0
5;N06232195;2
5;N06232250;1
5;N06232260;2
5;N06232261;2
5;N06232270;3
5;N06232271;1
5;N06232282;0
5;N06232284;0
5;N06232285;2
5;N06232290;2
5;N06232350;2
5;N06232465;1
5;N06232510;0
5;N06232551;2
5;N06232600;0
5;N06233030;0
5;N06233075;0
5;N06233080;0
5;N06233095;0
5;N06233105;1
5;N06233130;0
5;N06233135;0
5;N06233150;0
5;N06233172;0
5;N06233175;1
5;N06233176;1
5;N06233195;1
5;N06233250;0
5;N06233275;1
5;N06233276;8
5;N06233277;8
5;N06233351;2
5;N06233352;2
5;N06233353;0
5;N06233354;0
5;N06233370;3
5;N06233375;4
5;N06233380;1
5;N06233385;3
5;N06233405;0
5;N06233410;0
5;N06233430;0
5;N06233435;0
5;N06233440;2
5;N06233442;0
5;N06233443;0
5;N06233445;0
5;N06233451;2
5;N06233455;0
5;N06233460;0
5;N06233470;0
5;N06233480;0
5;N06233490;0
5;N06233500;0
5;N06233510;0
5;N06233512;0
5;N06233515;0
5;N06233520;0
5;N06233530;2
5;N06233550;0
5;N06233600;0
5;N06255220;0
5;N06255225;4
5;N06255270;0
5;N06255275;0
5;N06255320;0
5;N06255325;2
5;N06259020;0
5;N06259120;0
5;N06259220;4
5;N06259225;1
5;N06259260;-1
5;N06259270;2
5;N06259275;0
5;N06259280;0
5;N06259285;5
5;N06259286;2
5;N06259287;1
5;N06259288;1
5;N06259290;1
5;N06259300;1
5;N06259302;0
5;N06259304;0
5;N06259315;0
5;N06259345;0
5;N06259350;1
5;N06259351;0
5;N06259352;0
5;N06259450;1
5;N06259452;-1
5;N06259600;0
5;N06260180;0
5;N06260185;0
5;N06260195;0
5;N06260222;2
5;N06260225;1
5;N06260300;4
5;N06260310;1
5;N06260325;2
5;N06260351;0
5;N06310220;1
5;N06310270;0
5;N06310320;3
5;N06310325;0
5;N06310350;1
5;N06310351;2
5;N06310475;1
5;N06310510;0
5;N06310531;0
5;N06310540;1
5;N06310545;2
5;N06310550;0
5;N06311070;0
5;N06311120;0
5;N06311170;0
5;N06311190;0
5;N06311220;4
5;N06311221;0
5;N06311225;0
5;N06311232;0
5;N06311270;0
5;N06311271;1
5;N06311320;8
5;N06311321;1
5;N06311322;0
5;N06311350;0
5;N06311370;0
5;N06311425;0
5;N06311440;0
5;N06311450;2
5;N06311510;0
5;N06311531;0
5;N06313070;0
5;N06313120;0
5;N06313370;0
5;N06326070;0
5;N06326120;0
5;N06326170;0
5;N06326220;0
5;N06326230;0
5;N06326320;2
5;N06326321;1
5;N06326325;2
5;N06326326;1
5;N06326370;0
5;N06326390;0
5;N06326395;0
5;N06326420;0
5;N06326425;0
5;N06326451;0
5;N06326452;0
5;N06326454;0
5;N06335100;0
5;N06524220;0
5;N06525220;0
5;N06525221;1
5;N06525270;0
5;N06525275;2
5;N06525370;0
5;N06530220;0
5;N06530270;0
5;N06530290;0
5;N06530310;0
5;N06530320;1
5;N06530325;0
5;N06530326;2
5;N06530350;0
5;N06530360;0
5;N06780220;0
5;N06780225;0
5;N06780320;0
5;N06780322;0
5;N06780325;2
5;N06786120;0
5;N06786220;0
5;N06786320;0
5;N06786321;0
5;N06840220;0
5;N06840310;0
5;N06840320;0
5;N06840321;0
5;N06840425;0
5;N06845320;0
5;N06845321;0
5;N06845322;0
5;N06855070;0
5;N06859400;0
5;N06895080;0
5;N06895380;0
5;N06895400;0
5;N06895420;1
5;N06895435;1
5;N06895440;0
5;N06896080;0
5;N06896380;2
5;N07022100;6
5;N07235375;0
5;N07241070;0
5;N07241120;0
5;N07241380;4
5;N07241400;0
5;N07242010;0
5;N07242020;0
5;N07242070;0
5;N07242120;0
5;N07242220;0
5;N07242320;-1
5;N07242322;0
5;N07242380;2
5;N07242430;2
5;N07243002;0
5;N07243004;0
5;N07243005;0
5;N07243270;0
5;N07243320;0
5;N07243325;0
5;N07243440;0
5;N07244070;0
5;N07244320;6
5;N07244321;2
5;N07244322;0
5;N07244323;0
5;N07244335;0
5;N07244350;1
5;N07244430;0
5;N07244456;1
5;N07244561;0
5;N07244562;0
5;N07244563;0
5;N07244564;0
5;N07244600;0
5;N07245075;0
5;N07245320;0
5;N07245325;0
5;N07245480;0
5;N07250320;0
5;N07412020;0
5;N07412030;0
5;N07412070;0
5;N07412120;0
5;N07412220;0
5;N07412270;0
5;N07412320;1
5;N07413370;0
5;N07413380;0
5;N07503120;0
5;N07503220;0
5;N07503270;0
5;N07503280;0
5;N07503281;0
5;N07524075;0
5;N07524120;0
5;N07524125;0
5;N07524370;4
5;N07524375;1
5;N07524400;26
5;N07900220;0
5;N07900270;0
5;N07900280;0
5;N07900290;0
5;N07900300;0
5;N07900320;1
5;N07900350;0
5;N07900400;0
5;N07900420;0
5;N07900550;0
5;N08000070;0
5;N08000150;0
5;N08000170;1
5;N08000220;0
5;N08000270;0
5;N08000280;0
5;N08000290;0
5;N08000320;3
5;N08000352;1
5;N08000370;0
5;N08000420;0
5;N08000440;0
5;N08000450;0
5;N08000455;1
5;N08000457;0
5;N08005320;0
5;N08005325;1
5;N08020320;0
5;N08075080;0
5;N08075320;1
5;N08075380;0
5;N08075420;0
5;N08300270;0
5;N08300320;0
5;N08300321;0
5;N08300450;0
5;N08300460;0
5;N08500040;0
5;N08500070;0
5;N08500075;0
5;N08500180;0
5;N08500220;1
5;N08500225;1
5;N08500270;0
5;N08500275;0
5;N08500291;0
5;N08500300;0
5;N08500310;0
5;N08500320;1
5;N08500325;1
5;N08500351;0
5;N08500352;0
5;N08500361;0
5;N08500362;0
5;N08500365;0
5;N08500380;0
5;N08500385;0
5;N08500390;0
5;N08500395;1
5;N08500405;0
5;N08500410;0
5;N08500451;0
5;N08500452;0
5;N08505321;0
5;N08505322;0
5;N08505351;1
5;N08505352;0
5;N08505385;0
5;N09104220;0
5;N09104270;0
5;N09104320;1
5;N09104350;0
5;N09104420;0
5;N09104510;0
5;N09104550;0
5;N09105070;0
5;N09105170;0
5;N09105175;0
5;N09105220;0
5;N09105225;1
5;N09105230;0
5;N09105270;0
5;N09105285;0
5;N09105286;0
5;N09105290;0
5;N09105320;0
5;N09105325;7
5;N09105330;0
5;N09105350;2
5;N09105351;0
5;N09105361;0
5;N09105380;0
5;N09105390;-1
5;N09105400;1
5;N09105405;0
5;N09105410;0
5;N09105415;0
5;N09105418;1
5;N09105420;1
5;N09105425;0
5;N09105427;0
5;N09105450;2
5;N09105452;0
5;N09105456;1
5;N09105550;0
5;N09106070;0
5;N09106120;0
5;N09106220;0
5;N09106225;0
5;N09106230;0
5;N09106235;1
5;N09106236;0
5;N09106240;1
5;N09106285;0
5;N09106287;0
5;N09106350;0
5;N09107220;0
5;N09107320;0
5;N09110351;0
5;N09155370;0
5;N09155375;0
5;N09155395;0
5;N09155396;0
5;N09155415;1
5;N09155416;1
5;N09155420;1
5;N09155425;0
5;N10303100;2
5;N10322220;0
5;N10323070;0
5;N10323085;0
5;N10323220;0
5;N10323225;0
5;N10323270;0
5;N10323275;0
5;N10323320;1
5;N10323325;0
5;N10323330;1
5;N10323420;0
5;N10323425;0
5;N10323426;0
5;N10325120;0
5;N10325320;1
5;N10325322;0
5;N10325426;0
5;N10326220;0
5;N10326320;1
5;N10326321;0
5;N10326350;0
5;N10400070;0
5;N10500070;0
5;N10500080;0
5;N10500085;0
5;N10500250;0
5;N10500280;0
5;N10500290;0
5;N10500300;0
5;N10500320;0
5;N10500335;0
5;N10500340;0
5;N10500390;0
5;N10550300;0
5;N10669292;0
5;N10669319;0
5;N10669320;0
5;N10800070;1
5;N10800160;0
5;N10800220;1
5;N10800225;0
5;N10800270;0
5;N10800290;0
5;N10800292;1
5;N10800320;0
5;N10800325;0
5;N10800330;0
5;N10800335;0
5;N10800337;0
5;N10800338;1
5;N10800350;0
5;N10800355;0
5;N10800375;0
5;N10800380;0
5;N10800385;0
5;N10800390;1
5;N10800395;0
5;N10800400;0
5;N10800410;0
5;N10800420;1
5;N10800425;0
5;N10800430;0
5;N10800434;0
5;N10800456;0
5;N10810320;0
5;N10810322;1
5;N10850070;0
5;N10850075;0
5;N10850220;0
5;N10850320;0
5;N10850370;0
5;N10850380;0
5;N10850400;1
5;N10860641;0
5;N12300380;0
5;N12307010;0
5;N12308230;0
5;N12308320;0
5;N12308325;0
5;N12308380;0
5;N12350220;0
5;N12350280;0
5;N12350300;0
5;N12350320;0
5;N12355220;0
5;N12355300;0
5;N12355320;0
5;N12355325;0
5;N12355400;3
5;N12355450;0
5;N12360220;0
5;N12360270;0
5;N12360320;0
5;N12360350;0
5;N12360420;-1
5;N12360450;0
5;N12360511;0
5;N12365100;0
5;N13100220;0
5;N13100225;0
5;N13100270;0
5;N13100275;0
5;N13100320;0
5;N13100322;0
5;N13100370;0
5;N13100375;0
5;N13100380;0
5;N13100385;0
5;N13100390;0
5;N13100395;0
5;N13150270;0
5;N13150320;0
5;N13200120;0
5;N13200125;0
5;N13200171;0
5;N13200270;0
5;N13200275;1
5;N13200277;1
5;N13200279;0
5;N13200280;0
5;N13200281;0
5;N13200291;0
5;N13200292;1
5;N13200293;0
5;N13200320;0
5;N13200325;0
5;N13200330;0
5;N13200335;0
5;N13200340;0
5;N13200341;0
5;N13200342;0
5;N13200345;0
5;N13200346;0
5;N13200347;0
5;N13200348;2
5;N13200349;2
5;N13200351;0
5;N13200352;0
5;N13200361;0
5;N13200390;1
5;N13200395;0
5;N13200418;1
5;N13200420;0
5;N13200426;1
5;N13200429;0
5;N13200430;0
5;N13200451;0
5;N13200452;0
5;N13200453;1
5;N13200454;1
5;N13200456;0
5;N13200481;0
5;N13200551;1
5;N13200552;0
5;N13220080;0
5;N13220090;0
5;N13220230;0
5;N13220240;0
5;N13221270;0
5;N13221275;0
5;N13221300;0
5;N13221320;2
5;N13221325;2
5;N13221330;0
5;N13300070;0
5;N13300075;1
5;N13300120;0
5;N13300125;0
5;N13300225;0
5;N13300230;0
5;N13300236;0
5;N13300240;0
5;N13300245;0
5;N13300270;0
5;N13300275;0
5;N13300280;0
5;N13300285;1
5;N13300351;0
5;N13300352;0
5;N13300370;0
5;N13300375;0
5;N13300390;0
5;N13300395;0
5;N13300400;1
5;N13300420;1
5;N13300425;0
5;N13300426;0
5;N13300427;0
5;N13300451;0
5;N13300452;0
5;N13300717;1
5;N13300718;-1
5;N13301070;1
5;N13301075;1
5;N13301120;0
5;N13301125;0
5;N13301130;0
5;N13301171;0
5;N13301218;0
5;N13301220;0
5;N13301225;0
5;N13301230;0
5;N13301235;1
5;N13301240;0
5;N13301245;0
5;N13301270;0
5;N13301275;0
5;N13301280;0
5;N13301285;1
5;N13301290;0
5;N13301295;0
5;N13301296;0
5;N13301297;0
5;N13301298;0
5;N13301300;0
5;N13301320;1
5;N13301325;0
5;N13301330;0
5;N13301340;0
5;N13301345;1
5;N13301350;0
5;N13301355;1
5;N13301360;1
5;N13301362;2
5;N13301363;1
5;N13301367;1
5;N13301368;0
5;N13301370;0
5;N13301375;0
5;N13301377;0
5;N13301378;0
5;N13301380;0
5;N13301385;1
5;N13301419;0
5;N13301420;0
5;N13301435;0
5;N13301436;1
5;N13301445;1
5;N13301447;2
5;N13301451;0
5;N13301460;0
5;N13301511;0
5;N13302130;0
5;N13302225;2
5;N13302230;0
5;N13302430;0
5;N13400070;0
5;N13400075;0
5;N13400120;0
5;N13400125;0
5;N13400145;0
5;N13400201;1
5;N13400202;1
5;N13400220;0
5;N13400225;1
5;N13400227;0
5;N13400228;0
5;N13400229;0
5;N13400230;0
5;N13400240;0
5;N13400245;0
5;N13400270;0
5;N13400275;0
5;N13400280;0
5;N13400285;1
5;N13400286;0
5;N13400288;0
5;N13400290;0
5;N13400293;0
5;N13400295;0
5;N13400320;0
5;N13400325;0
5;N13400330;0
5;N13400335;1
5;N13400340;0
5;N13400345;0
5;N13400349;-1
5;N13400354;0
5;N13400355;1
5;N13400357;0
5;N13400358;0
5;N13400359;1
5;N13400360;0
5;N13400370;0
5;N13400375;0
5;N13400380;0
5;N13400385;0
5;N13400390;0
5;N13400395;0
5;N13400400;0
5;N13400405;0
5;N13400406;0
5;N13400410;0
5;N13400415;0
5;N13400416;0
5;N13400418;0
5;N13400420;2
5;N13400421;0
5;N13400422;0
5;N13400425;1
5;N13400430;0
5;N13400435;1
5;N13400455;1
5;N13400456;0
5;N13400457;0
5;N13400458;2
5;N13400459;1
5;N13400460;0
5;N13400532;0
5;N13400700;0
5;N13400719;0
5;N13400720;1
5;N13400801;0
5;N13400802;0
5;N13425220;0
5;N13425320;0
5;N13425370;1
5;N13425400;2
5;N13500070;0
5;N13500075;0
5;N13500120;0
5;N13500125;0
5;N13500285;0
5;N13500370;0
5;N13500375;1
5;N13500380;0
5;N13500385;0
5;N13501070;0
5;N13501075;0
5;N13501120;0
5;N13501125;0
5;N13501220;0
5;N13501225;0
5;N13501230;0
5;N13501235;0
5;N13501270;0
5;N13501275;0
5;N13501280;0
5;N13501285;0
5;N13501345;0
5;N13501370;0
5;N13501375;0
5;N13501380;0
5;N13501385;0
5;N13503070;0
5;N13503075;0
5;N13503375;1
5;N13503380;0
5;N13503385;0
5;N13503390;0
5;N13503395;0
5;N13503420;1
5;N13503425;0
5;N13600070;0
5;N13610370;0
5;N13610375;0
5;N13615390;0
5;N13680270;0
5;N13680320;0
5;N14200320;0
5;N16068070;0
5;N16068080;0
5;N16068240;1
5;N16068250;1
5;N16068270;1
5;N16068280;0
5;N16068284;0
5;N16068285;1
5;N16068287;2
5;N16068288;0
5;N16068320;6
5;N16068330;7
5;N16068340;0
5;N16068351;1
5;N16068352;1
5;N16068353;0
5;N16068354;0
5;N16068375;0
5;N16068380;0
5;N16068395;0
5;N16068420;1
5;N16068430;1
5;N16068440;0
5;N16068450;0
5;N16068551;1
5;N16068552;0
5;N16068553;0
5;N16260220;0
5;N16260271;0
5;N16260272;0
5;N16260274;2
5;N16260321;0
5;N16260324;0
5;N16260325;0
5;N16260326;0
5;N16260369;0
5;N16260370;0
5;N16260380;0
5;N16260419;0
5;N16260420;1
5;N16260425;0
5;N16265220;0
5;N16265320;0
5;N16265325;0
5;N16265392;0
5;N16270220;2
5;N16270221;0
5;N16270222;0
5;N16274220;0
5;N16275020;0
5;N16275025;0
5;N16275271;0
5;N16275291;0
5;N16275320;0
5;N16275321;0
5;N16275325;0
5;N16275351;-1
5;N16275354;0
5;N16275375;0
5;N16275390;0
5;N16275421;0
5;N16275422;0
5;N16280390;0
5;N16280395;0
5;N16282220;0
5;N16282320;0
5;O00027002;0
5;O00289001;0
5;O00290001;0
5;O00296001;4
5;O00297001;8
5;O00423001;0
5;O00736001;0
5;O00799001;0
5;O00854001;0
5;O00859002;0
5;O00886001;0
5;O01069001;0
5;O01150001;0
5;O01429001;0
5;O02051001;0
5;O02367001;0
5;O02446002;0
5;O02450001;1
5;O03270001;0
5;O03723002;0
5;O03725004;0
5;O03838002;0
5;O03900001;0
5;O04081002;0
5;O04318001;0
5;O06160001;0
5;O06160003;0
5;O06164001;0
5;O06170004;1
5;O06171004;0
5;O06174001;1
5;O06233001;0
5;O06233002;0
5;O06233003;0
5;O06233004;0
5;O07243001;0
5;O10303001;0
5;O99999001;0
5;Q00020067;0
5;Q00020070;2
5;Q00020100;0
5;Q00021090;0
5;Q00027060;0
5;Q00027080;0
5;Q00096061;0
5;Q00096062;0
5;Q00096070;0
5;Q00096081;0
5;Q00096083;0
5;Q00097071;0
5;Q00137060;1
5;Q00137080;0
5;Q00213060;0
5;Q00213080;0
5;Q00289060;0
5;Q00289061;0
5;Q00289062;1
5;Q00289063;0
5;Q00289064;0
5;Q00289065;0
5;Q00289080;0
5;Q00289081;0
5;Q00289090;0
5;Q00289101;0
5;Q00290060;0
5;Q00290064;0
5;Q00290065;0
5;Q00290080;0
5;Q00290081;0
5;Q00290091;0
5;Q00290092;0
5;Q00290101;0
5;Q00296060;0
5;Q00296061;0
5;Q00296062;0
5;Q00296080;4
5;Q00296081;0
5;Q00297060;8
5;Q00297062;0
5;Q00297080;4
5;Q00297081;0
5;Q00308060;0
5;Q00308061;0
5;Q00308062;0
5;Q00308080;0
5;Q00308081;0
5;Q00423060;0
5;Q00423062;0
5;Q00423065;0
5;Q00423080;0
5;Q00423082;0
5;Q00423085;2
5;Q00423086;0
5;Q00459060;2
5;Q00459080;0
5;Q00539060;1
5;Q00539061;0
5;Q00539080;0
5;Q00616060;0
5;Q00616061;2
5;Q00616062;1
5;Q00616063;0
5;Q00616070;0
5;Q00616080;1
5;Q00616081;0
5;Q00616090;0
5;Q00629060;1
5;Q00629062;0
5;Q00629063;0
5;Q00629080;0
5;Q00629081;0
5;Q00643060;0
5;Q00643062;0
5;Q00643064;0
5;Q00643070;0
5;Q00643080;0
5;Q00643082;0
5;Q00643083;0
5;Q00643090;0
5;Q00649060;0
5;Q00722060;0
5;Q00722061;0
5;Q00722062;1
5;Q00722080;0
5;Q00722081;1
5;Q00722082;0
5;Q00722083;0
5;Q00723080;0
5;Q00723081;0
5;Q00724060;1
5;Q00724061;0
5;Q00724062;0
5;Q00724065;0
5;Q00724080;0
5;Q00724090;0
5;Q00725060;0
5;Q00725061;1
5;Q00725062;0
5;Q00725064;0
5;Q00725065;0
5;Q00725066;0
5;Q00725080;0
5;Q00725090;0
5;Q00725091;0
5;Q00725095;0
5;Q00728060;0
5;Q00728080;1
5;Q00736060;0
5;Q00736080;0
5;Q00736090;0
5;Q00770060;0
5;Q00770061;0
5;Q00770080;0
5;Q00770081;0
5;Q00770082;0
5;Q00775071;0
5;Q00780060;0
5;Q00780062;0
5;Q00780063;0
5;Q00780071;0
5;Q00799060;0
5;Q00799061;0
5;Q00859061;0
5;Q00859062;0
5;Q00859063;0
5;Q00859080;0
5;Q00886061;0
5;Q00886062;0
5;Q00886063;0
5;Q00886080;0
5;Q00886090;0
5;Q00887060;0
5;Q00887063;0
5;Q00887064;0
5;Q00887068;0
5;Q00887075;0
5;Q00887085;0
5;Q00887095;0
5;Q00887100;0
5;Q00887110;0
5;Q01050060;0
5;Q01050080;0
5;Q01050081;0
5;Q01050090;0
5;Q01063060;1
5;Q01063065;1
5;Q01069060;0
5;Q01069061;1
5;Q01069062;0
5;Q01069063;1
5;Q01069065;0
5;Q01069075;0
5;Q01069080;0
5;Q01069081;0
5;Q01069090;0
5;Q01069100;1
5;Q01069101;0
5;Q01150065;1
5;Q01152060;0
5;Q01153060;0
5;Q01153062;0
5;Q01200060;0
5;Q01200061;0
5;Q01200062;0
5;Q01200063;0
5;Q01200064;1
5;Q01200065;1
5;Q01200066;0
5;Q01200090;0
5;Q01200100;0
5;Q01245065;2
5;Q01245070;0
5;Q01246060;0
5;Q01246062;0
5;Q01246070;1
5;Q01246080;0
5;Q01246090;0
5;Q01246101;0
5;Q01246111;0
5;Q01429060;0
5;Q01429080;0
5;Q01429081;0
5;Q01652060;0
5;Q01652080;0
5;Q01653080;0
5;Q01654060;0
5;Q01745060;0
5;Q01750071;0
5;Q01800060;0
5;Q02030060;0
5;Q02030062;0
5;Q02041060;0
5;Q02041062;0
5;Q02041065;1
5;Q02041067;0
5;Q02041080;0
5;Q02051060;0
5;Q02086060;1
5;Q02100060;0
5;Q02170060;0
5;Q02170062;1
5;Q02170064;1
5;Q02170065;0
5;Q02170066;0
5;Q02170067;1
5;Q02170070;0
5;Q02188060;0
5;Q02188061;1
5;Q02188062;0
5;Q02275060;0
5;Q02285060;1
5;Q02285062;0
5;Q02291060;0
5;Q02367060;0
5;Q02367080;0
5;Q02372060;0
5;Q02382070;0
5;Q02382080;0
5;Q02383060;0
5;Q02383062;0
5;Q02383064;0
5;Q02450059;1
5;Q02450060;1
5;Q02450064;1
5;Q02450065;0
5;Q02450066;0
5;Q02450068;2
5;Q02450070;0
5;Q02450080;0
5;Q02450085;0
5;Q02450100;0
5;Q02485060;0
5;Q02500060;0
5;Q02510065;0
5;Q02510085;0
5;Q02895060;0
5;Q03051060;0
5;Q03270060;0
5;Q03270061;0
5;Q03270062;0
5;Q03270063;0
5;Q03270064;0
5;Q03270080;0
5;Q03270081;0
5;Q03270090;0
5;Q03270091;0
5;Q03500030;0
5;Q03500042;1
5;Q03500060;1
5;Q03500061;3
5;Q03500062;1
5;Q03500063;0
5;Q03500064;0
5;Q03500065;0
5;Q03500066;0
5;Q03500067;0
5;Q03500068;0
5;Q03500069;0
5;Q03500070;0
5;Q03500071;0
5;Q03500072;13
5;Q03500080;0
5;Q03500081;0
5;Q03500082;0
5;Q03500089;0
5;Q03500090;0
5;Q03500095;0
5;Q03611060;0
5;Q03660060;0
5;Q03660080;0
5;Q03660081;0
5;Q03740060;1
5;Q03740064;1
5;Q03740065;0
5;Q03740071;0
5;Q03900060;0
5;Q04081060;0
5;Q04318060;0
5;Q04342060;0
5;Q04649060;0
5;Q04649061;0
5;Q04650060;0
5;Q04650062;0
5;Q04665060;0
5;Q04665064;0
5;Q04665065;2
5;Q04666061;0
5;Q04666062;0
5;Q04666065;0
5;Q04666066;0
5;Q04680043;0
5;Q04680063;0
5;Q04680064;0
5;Q04779062;0
5;Q04779065;0
5;Q04779066;0
5;Q04779068;1
5;Q05017060;0
5;Q05017062;1
5;Q05017064;1
5;Q05017066;1
5;Q05017067;0
5;Q05017068;1
5;Q05017070;1
5;Q05017071;1
5;Q05017100;1
5;Q05017105;1
5;Q05017108;1
5;Q05017110;0
5;Q05017150;0
5;Q05018060;1
5;Q05018062;1
5;Q05432060;0
5;Q05432065;0
5;Q05437060;0
5;Q05548062;0
5;Q05548064;0
5;Q05548066;0
5;Q05808060;0
5;Q05808064;0
5;Q05808100;0
5;Q05809060;0
5;Q05809062;0
5;Q05809064;0
5;Q05822060;0
5;Q05855064;0
5;Q05855100;1
5;Q06160060;0
5;Q06160091;0
5;Q06163060;0
5;Q06164059;0
5;Q06164060;1
5;Q06164062;0
5;Q06164064;1
5;Q06164065;0
5;Q06164066;0
5;Q06168071;0
5;Q06168091;0
5;Q06168092;0
5;Q06170060;0
5;Q06170065;0
5;Q06171071;0
5;Q06171101;0
5;Q06171102;0
5;Q06171111;0
5;Q06174025;0
5;Q06174035;0
5;Q06174060;0
5;Q06174062;4
5;Q06174064;0
5;Q06174068;2
5;Q06174070;0
5;Q06174071;0
5;Q06174072;0
5;Q06174090;0
5;Q06174100;0
5;Q06231060;1
5;Q06231061;0
5;Q06232018;0
5;Q06232064;1
5;Q06233024;0
5;Q06233061;1
5;Q06233062;1
5;Q06233071;0
5;Q06233072;0
5;Q06233080;1
5;Q06233100;0
5;Q06233111;0
5;Q06234060;0
5;Q06234061;0
5;Q06234070;0
5;Q06259020;0
5;Q06311062;0
5;Q06311064;0
5;Q06311080;0
5;Q06311101;0
5;Q06326060;0
5;Q06326064;0
5;Q06835060;0
5;Q06840060;0
5;Q06840070;0
5;Q06840080;0
5;Q06859060;0
5;Q06859071;0
5;Q06895071;0
5;Q07241060;0
5;Q07242030;0
5;Q07242060;0
5;Q07242064;0
5;Q07242084;0
5;Q07244060;0
5;Q07244070;0
5;Q07244080;0
5;Q07524060;0
5;Q07524062;0
5;Q07524064;0
5;Q08000061;0
5;Q08147060;0
5;Q10800060;0
5;Q10800064;0
5;Q13300060;0
5;Q13300065;0
5;Q13301065;1
5;Q13301066;1
5;Q13301071;0
5;Q13301072;0
5;Q13350065;0
5;Q13350066;1
5;Q13350071;1
5;Q13350072;1
5;Q13400065;0
5;Q13400066;1
5;Q13400071;0
5;Q13400072;0
5;Q13400074;0
5;Q13400075;0
5;Q13400081;0
5;Q13400082;0
5;Q13400083;0
5;Q13400084;0
5;Q13400086;0
5;Q13400090;0
5;Q13400105;0
5;Q13400107;0
5;Q16068065;1
5;Q16068067;1
5;Q16068082;0
5;Q16068084;1
5;Q16068093;0
5;Q16068094;0
5;Q16068095;0
5;Q16068096;0
5;Q16275061;0
